v01_projector	https://d8j0ntlcm91z4.cloudfront.net/user_3HRNbjgn6Ig2tqCP1RxqrGOK7VZ/hf_20260925_134022_f04c09c5-869e-4354-b9b0-5e1bec048144.mp4
v02_camera1913	https://d8j0ntlcm91z4.cloudfront.net/user_3HRNbjgn6Ig2tqCP1RxqrGOK7VZ/hf_20260925_134041_c8b43299-4de9-4940-9269-41d66373e65b.mp4
v03_talkie	https://d8j0ntlcm91z4.cloudfront.net/user_3HRNbjgn6Ig2tqCP1RxqrGOK7VZ/hf_20260925_134042_703dc445-f296-46b5-af12-12cb94a3e643.mp4
v04_dance	https://d8j0ntlcm91z4.cloudfront.net/user_3HRNbjgn6Ig2tqCP1RxqrGOK7VZ/hf_20260925_134042_b9a1447f-e4b0-4708-85d8-37447f2d7f8d.mp4
v05_billboard	https://d8j0ntlcm91z4.cloudfront.net/user_3HRNbjgn6Ig2tqCP1RxqrGOK7VZ/hf_20260925_134021_9f2a6eeb-ae86-49cc-930f-71ee17d6224c.mp4
v06_milk	https://d8j0ntlcm91z4.cloudfront.net/user_3HRNbjgn6Ig2tqCP1RxqrGOK7VZ/hf_20260925_134021_d47cefb6-a4bc-4bb0-ade4-688bc3f28495.mp4
v07_queue	https://d8j0ntlcm91z4.cloudfront.net/user_3HRNbjgn6Ig2tqCP1RxqrGOK7VZ/hf_20260925_134021_f2755150-0cfc-4d6b-b944-9c7d9484e6b1.mp4
v08_audience	https://d8j0ntlcm91z4.cloudfront.net/user_3HRNbjgn6Ig2tqCP1RxqrGOK7VZ/hf_20260925_134021_b0a146a0-b4ff-4a55-a538-120d7d0ee962.mp4
v09_tear	https://d8j0ntlcm91z4.cloudfront.net/user_3HRNbjgn6Ig2tqCP1RxqrGOK7VZ/hf_20260925_134021_b697cf3b-3de1-46bd-993b-69661ae87245.mp4
v10_coins	https://d8j0ntlcm91z4.cloudfront.net/user_3HRNbjgn6Ig2tqCP1RxqrGOK7VZ/hf_20260925_134021_e3b6c886-9186-4062-a09e-ad06e68e852b.mp4
v11_dreamer	https://d8j0ntlcm91z4.cloudfront.net/user_3HRNbjgn6Ig2tqCP1RxqrGOK7VZ/hf_20260925_134022_545b6c9c-d082-4d22-9bd1-9a207bf04856.mp4
v12_muskan	https://d8j0ntlcm91z4.cloudfront.net/user_3HRNbjgn6Ig2tqCP1RxqrGOK7VZ/hf_20260925_134041_70942330-1b46-4813-838b-e7b0c0761a8c.mp4
v13_fdfs	https://d8j0ntlcm91z4.cloudfront.net/user_3HRNbjgn6Ig2tqCP1RxqrGOK7VZ/hf_20260925_134042_eaa8f8f6-7bc4-4afd-af50-c4e1469dc45b.mp4
v14_scripts	https://d8j0ntlcm91z4.cloudfront.net/user_3HRNbjgn6Ig2tqCP1RxqrGOK7VZ/hf_20260925_134041_1c3ddc82-5a70-434f-aa53-08c979c9a858.mp4
i01_muskan_studio	https://d8j0ntlcm91z4.cloudfront.net/user_3HRNbjgn6Ig2tqCP1RxqrGOK7VZ/hf_20260925_134129_d9d60744-adb3-4b26-8b28-a0c946daee8c.png
i02_muskan_portrait	https://d8j0ntlcm91z4.cloudfront.net/user_3HRNbjgn6Ig2tqCP1RxqrGOK7VZ/hf_20260925_134129_331c417b-50f2-41ed-bd3b-904b18eedfd1.png
i07_star_back	https://d8j0ntlcm91z4.cloudfront.net/user_3HRNbjgn6Ig2tqCP1RxqrGOK7VZ/hf_20260925_134129_c0f5e588-eb28-4739-8b92-0f88a9284800.png
